pmid,claim,reason,citeeval_retracted,citeeval_irrelevant,nli_retracted,citeeval_aware,nli_aware
29499953,Ectopic expression of miR-140 inhibits the migratory and invasive capacities of colorectal cancer cells in vitro.,Falsification/Fabrication of Image;Investigation by Company/Institution;Investigation by Third Party;Manipulation of Images;Misconduct - Official Investigation(s) and/or Finding(s);Misconduct by Author;,5,1,0.9953292608261108,1,0.0
34707667,"Microsurgical strabismus correction in children results in short operation time, less intraoperative blood loss, short hospital stay, high efficiency, and fewer complications.",Concerns/Issues about Data;Concerns/Issues about Human Subject Welfare;Concerns/Issues about Referencing/Attributions;Concerns/Issues about Peer Review;Investigation by Journal/Publisher;Investigation by Third Party;Lack of IRB/IACUC Approval and/or Compliance;Unreliable Results and/or Conclusions;,5,1,0.878537118434906,1,0.0
33571914,A higher MCA-PSV (MoM 1.7 compared to 1.5 MoM) can accurately predict the recurrence of severe fetal anemia requiring serial in-utero transfusions.,Author Unresponsive;Concerns/Issues about Data;Error in Analyses;Error in Image;Error in Results and/or Conclusions;Original Data and/or Images not Provided and/or not Available;Unreliable Data;,5,1,0.9979305267333984,1,0.0
35911152,"Stratified nursing management significantly improves nursing quality and practice happiness, reduces error rates and patient complaints, and increases patient satisfaction compared to routine nursing management.",Concerns/Issues about Data;Concerns/Issues about Results and/or Conclusions;Concerns/Issues about Referencing/Attributions;Concerns/Issues about Peer Review;Informed/Patient Consent - None/Withdrawn;Investigation by Journal/Publisher;Investigation by Third Party;Lack of IRB/IACUC Approval and/or Compliance;Computer-Aided Content or Computer-Generated Content;Unreliable Results and/or Conclusions;,5,1,0.9986200332641602,1,0.0
36035293,Ultrasound-guided high-intensity focused ultrasound improves the quality of life of patients with uterine fibroids more effectively than traditional laparoscopic myomectomy.,Concerns/Issues about Data;Concerns/Issues about Results and/or Conclusions;Concerns/Issues about Referencing/Attributions;Concerns/Issues about Peer Review;Investigation by Journal/Publisher;Investigation by Third Party;Paper Mill;Computer-Aided Content or Computer-Generated Content;Unreliable Results and/or Conclusions;,5,1,0.8535459041595459,1,0.0
10642298,Administration of a retroviral vector containing ACE antisense caused a modest yet significant attenuation of high blood pressure by approximately 15+/-2 mm Hg exclusively in the spontaneously hypertensive rat.,Falsification/Fabrication of Data;Investigation by Company/Institution;Investigation by ORI;Misconduct - Official Investigation(s) and/or Finding(s);Notice - Limited or No Information;Objections by Author(s);,5,1,0.9873884320259094,1,0.0
33791083,The ADC value of the measured patient's osteomyelitis area is significantly higher than that of the normal bone area.,Concerns/Issues about Data;Concerns/Issues about Results and/or Conclusions;Concerns/Issues about Referencing/Attributions;Concerns/Issues about Peer Review;Informed/Patient Consent - None/Withdrawn;Investigation by Journal/Publisher;Investigation by Third Party;Lack of IRB/IACUC Approval and/or Compliance;Paper Mill;Computer-Aided Content or Computer-Generated Content;Unreliable Results and/or Conclusions;,5,1,0.9881916642189026,1,0.0
32093035,"ARPE19, ARPE19mel, and hfRPE cells failed to form a tight barrier, whereas hESC-RPE and LEPI cells restricted the drug flux to a similar extent as bovine RPE-choroid.",Contamination of Cell Lines/Tissues;Error in Data;Error in Results and/or Conclusions;,5,1,0.9873192310333252,1,0.0
35251296,"Drainage after hip arthroplasty significantly reduces VAS score on the postoperative first day and second day, hematocrit reduction, blood transfusion rate, change of thigh circumference, and hospital stay compared to nondrainage.",Concerns/Issues about Data;Concerns/Issues about Results and/or Conclusions;Concerns/Issues about Referencing/Attributions;Concerns/Issues about Peer Review;Investigation by Journal/Publisher;Investigation by Third Party;Paper Mill;Computer-Aided Content or Computer-Generated Content;Unreliable Results and/or Conclusions;,3,1,0.9991056323051452,1,0.0
28750690,APOE ε4 genotype is closely correlated with heightened Aβ42-α7nAChR complex levels in lymphocytes derived from patients with mild cognitive impairment and dementia due to Alzheimer's disease.,Concerns/Issues about Image;Unreliable Results and/or Conclusions;,5,1,0.99972265958786,1,0.0
34925732,"The maximum stress values in the posterolateral of the femoral attachment area of the ligament are 16.24 MPa, 16.36 MPa, and 22.05 MPa for models 1, 2, and 3, respectively.",Concerns/Issues about Data;Concerns/Issues about Results and/or Conclusions;Concerns/Issues about Referencing/Attributions;Concerns/Issues about Peer Review;Informed/Patient Consent - None/Withdrawn;Investigation by Journal/Publisher;Investigation by Third Party;Lack of IRB/IACUC Approval and/or Compliance;Paper Mill;Computer-Aided Content or Computer-Generated Content;Unreliable Results and/or Conclusions;,5,1,0.999544084072113,1,0.0
28770967,Up-regulation of β-catenin enhances ADM resistance of osteosarcoma U2OS cells by potentiating Bcl-2 expression.,Author Unresponsive;Concerns/Issues about Data;Concerns/Issues about Image;Investigation by Journal/Publisher;Investigation by Third Party;Original Data and/or Images not Provided and/or not Available;Paper Mill;,5,1,0.9997780919075012,1,0.0
35914335,Higher prenatal and early postnatal serum concentrations of all measured PFAS were associated with lower BMD Z-scores at age 7 years.,Error in Data;,5,1,0.9991559982299804,1,0.0
34104882,Models comprised only of the five primary CPA sequence features give highest probability scores to constitutive CPA sites at the ends of coding genes for 41% of all human genes.,Error in Data;Error in Results and/or Conclusions;Results Not Reproducible;Retract and Replace;,5,1,0.9997087121009828,1,0.0
18597101,"The mean total serum calcium during mid pregnancy is 8.1 mg/dl, and the mean 24 h urinary calcium excretion is 129.56 mg.",Concerns/Issues about Data;Original Data and/or Images not Provided and/or not Available;,5,1,0.9996073842048644,1,0.0
36182846,Dulaglutide can emerge as a promising therapeutic agent for fructose-induced renal fibrosis.,Duplication of/in Image;Euphemisms for Duplication;Investigation by Journal/Publisher;Investigation by Third Party;Original Data and/or Images not Provided and/or not Available;Unreliable Data;,5,1,0.999739706516266,1,0.0
33221307,"The geo-accumulation index indicated a heavily-extreme pollution level of Cd (I_geo = 4.92), moderate-heavy pollution of Zn (I_geo = 3.22), and Pb (I_geo = 2.78), and slight-moderate pollution of Cr (I_geo = 1.62) and Cu (I_geo = 1.53) in school dust.",Concerns/Issues about Article;Concerns/Issues about Data;Concerns/Issues about Methods;Concerns/Issues about Referencing/Attributions;Concerns/Issues about Results and/or Conclusions;Date of Article and/or Notice Unknown;Error in Text;Investigation by Journal/Publisher;Investigation by Third Party;Unreliable Results and/or Conclusions;,5,1,0.9431618452072144,1,0.0
35309841,Inflammasome-mediated pyroptosis is associated with CD4+ T cell loss in the absence of persistent infectious HIV replication.,Concerns/Issues about Data;Concerns/Issues about Referencing/Attributions;Concerns/Issues about Peer Review;Investigation by Journal/Publisher;Investigation by Third Party;Unreliable Results and/or Conclusions;,5,1,0.9080559611320496,1,0.0
36035225,The nomogram constructed based on the factors affecting the prognosis in 3 months had an AUC of 0.901 in the training cohort and 0.877 in the validation cohort.,Concerns/Issues about Data;Concerns/Issues about Results and/or Conclusions;Concerns/Issues about Referencing/Attributions;Concerns/Issues about Peer Review;Investigation by Journal/Publisher;Investigation by Third Party;Paper Mill;Computer-Aided Content or Computer-Generated Content;Unreliable Results and/or Conclusions;,5,1,0.993109941482544,1,0.0
35372577,"The trust-based secure intelligent opportunistic routing protocol (TBSIOP) outperforms nature-inspired optimization (NIO)-based algorithms in terms of energy efficiency, network lifetime, packet delivery ratio, end-to-end delay, and average risk level.",Compromised Peer Review;Investigation by Journal/Publisher;Investigation by Third Party;Paper Mill;Unreliable Results and/or Conclusions;,5,1,0.7516493797302246,1,0.0
35510178,"The accuracy and recall rate of MRI images recognized by the algorithm group fluctuated at 90%, while the control group fluctuated at 80%, with a statistically significant difference.",Concerns/Issues about Data;Concerns/Issues about Results and/or Conclusions;Concerns/Issues about Referencing/Attributions;Concerns/Issues about Peer Review;Investigation by Journal/Publisher;Investigation by Third Party;Paper Mill;Computer-Aided Content or Computer-Generated Content;Unreliable Results and/or Conclusions;,5,1,0.9989078044891356,1,0.0
35979012,Adolescent patients with first-time acute patellar dislocation complicating osteochondral fracture have closer morphologic features of patellofemoral dysplasia and patella location compared to adolescents without osteochondral fracture.,Concerns/Issues about Data;Concerns/Issues about Referencing/Attributions;Concerns/Issues about Peer Review;Informed/Patient Consent - None/Withdrawn;Investigation by Journal/Publisher;Investigation by Third Party;Lack of IRB/IACUC Approval and/or Compliance;Computer-Aided Content or Computer-Generated Content;Unreliable Results and/or Conclusions;,5,1,0.9961304664611816,1,0.0
35310177,"Deep learning models have performed well in terms of true positive rate, precision, F1-score, and accuracy on cancer gene expression datasets.",Concerns/Issues about Data;Concerns/Issues about Referencing/Attributions;Concerns/Issues about Peer Review;Investigation by Journal/Publisher;Investigation by Third Party;Unreliable Results and/or Conclusions;,5,1,0.8824772238731384,1,0.0
35178454,"Three molecular subtypes (C1, C2, and C3) were identified with distinct overall survival.",Computer-Aided Content or Computer-Generated Content;Concerns/Issues about Data;Concerns/Issues about Referencing/Attributions;Concerns/Issues about Results and/or Conclusions;Concerns/Issues about Peer Review;Investigation by Journal/Publisher;Investigation by Third Party;Paper Mill;Unreliable Results and/or Conclusions;,5,1,0.9995094537734984,1,0.0
39149890,Genetically predicted lower circulating zinc levels are causally linked to the development of pressure ulcers.,Compromised Peer Review;Concerns/Issues about Methods;Concerns/Issues about Results and/or Conclusions;Investigation by Journal/Publisher;Unreliable Results and/or Conclusions;,5,1,0.9943840503692628,1,0.0
26693245,"The 10 spices were a significant source of total phenolics, antioxidant, and starch hydrolase inhibitory activities.",Concerns/Issues about Data;Concerns/Issues about Results and/or Conclusions;Unreliable Data;Unreliable Results and/or Conclusions;,5,1,0.9989270567893982,1,0.0
26477645,The limit of detection (LOD) for the developed hybrid sandwich ALISA method was determined as 50 ng/mL.,Duplication of/in Image;Original Data and/or Images not Provided and/or not Available;,5,1,0.943103551864624,1,0.0
35814353,"The public administration and resource allocation can effectively realize the data integration of the whole process and all departments, showing the whole data and realizing the traceability of the whole process.",Concerns/Issues about Data;Concerns/Issues about Results and/or Conclusions;Concerns/Issues about Referencing/Attributions;Concerns/Issues about Peer Review;Investigation by Journal/Publisher;Investigation by Third Party;Paper Mill;Computer-Aided Content or Computer-Generated Content;Unreliable Results and/or Conclusions;,5,1,0.9733600616455078,1,0.0
6405790,The purified DNA polymerase-alpha had a specific activity of 2943 units/mg protein with activated calf thymus DNA as a template.,Falsification/Fabrication of Data;Investigation by Company/Institution;Investigation by ORI;Misconduct - Official Investigation(s) and/or Finding(s);Misconduct by Author;,5,1,0.9227008819580078,1,0.0
35769667,The proposed method provides analyses with 94% accuracy in cancer detection.,Compromised Peer Review;Investigation by Journal/Publisher;Investigation by Third Party;Paper Mill;Unreliable Results and/or Conclusions;,5,1,0.906541645526886,1,0.0
35669664,All five localizers tested in this research were reliable and can be used for rt-fMRI neurofeedback research to define the regions of interest.,Compromised Peer Review;Investigation by Journal/Publisher;Investigation by Third Party;Paper Mill;Unreliable Results and/or Conclusions;,5,1,0.9462108612060548,1,0.0
35419184,lncRNA overexpression is associated with poorer prognosis in patients with hepatic carcinoma.,Compromised Peer Review;Investigation by Journal/Publisher;Investigation by Third Party;Paper Mill;Unreliable Results and/or Conclusions;,5,1,0.988249897956848,1,0.0
35720036,Surgical treatment can improve the prognosis of patients with liver metastases secondary to nonfunctional pancreatic neuroendocrine neoplasms.,Concerns/Issues about Data;Concerns/Issues about Results and/or Conclusions;Concerns/Issues about Human Subject Welfare;Concerns/Issues about Referencing/Attributions;Concerns/Issues about Peer Review;Investigation by Journal/Publisher;Lack of IRB/IACUC Approval and/or Compliance;Unreliable Results and/or Conclusions;,5,1,0.999472439289093,1,0.0
33061424,"LncRNA MCM3AP-AS1 can promote the proliferation, migration and invasion abilities of prostate cancer cells through regulating the miR-543-3p/SLC39A10/PTEN axis.",Duplication of/in Image;Investigation by Third Party;Original Data and/or Images not Provided and/or not Available;Paper Mill;Unreliable Results and/or Conclusions;Upgrade/Update of Prior Notice(s);,5,1,0.9987379908561708,1,0.0
36034198,Cord blood NO and activin A combined with UA and MCA have a high diagnostic value for fetal distress.,Concerns/Issues about Data;Concerns/Issues about Results and/or Conclusions;Concerns/Issues about Referencing/Attributions;Concerns/Issues about Peer Review;Informed/Patient Consent - None/Withdrawn;Investigation by Journal/Publisher;Investigation by Third Party;Lack of IRB/IACUC Approval and/or Compliance;Paper Mill;Computer-Aided Content or Computer-Generated Content;Unreliable Results and/or Conclusions;,5,1,0.9995866417884828,1,0.0
35176553,Older adults exhibit lower neural selectivity compared to younger adults during all memory stages.,Error in Analyses;Unreliable Results and/or Conclusions;,5,1,0.9988405108451844,1,0.0
35646141,The recovery rate of microorganisms in 10 proprietary Chinese medicines for children ranged from 70% to 150%.,Compromised Peer Review;Investigation by Journal/Publisher;Investigation by Third Party;Paper Mill;Unreliable Results and/or Conclusions;,5,1,0.999106228351593,1,0.0
15819761,Physostigmine significantly reduces the incidence and severity of postanaesthetic shivering compared to placebo.,Investigation by Company/Institution;Investigation by Third Party;Lack of IRB/IACUC Approval and/or Compliance;Misconduct - Official Investigation(s) and/or Finding(s);Misconduct by Author;,5,1,0.9995967745780944,1,0.0
23762395,Overexpression of AIB1 in the breast cancer cell line T47D disrupts epithelial morphology and reduces the level of the epithelial marker E-cadherin.,Duplication of/in Image;Manipulation of Images;Original Data and/or Images not Provided and/or not Available;Unreliable Data;,5,1,0.9998030066490172,1,0.0
27347323,miR-138 expression levels were significantly downregulated in HCC tissues and cell lines compared with the corresponding noncancerous liver tissues and normal hepatic cell line.,Falsification/Fabrication of Data;Investigation by Journal/Publisher;Objections by Third Party;,5,1,0.990365743637085,1,0.0
8440798,Platelet size decreased significantly during cardiopulmonary bypass and returned to baseline values on the 1st post-operative day.,Investigation by Company/Institution;Unreliable Results and/or Conclusions;,5,1,0.8674056529998779,1,0.0
34225541,Adding sofosbuvir/daclatasvir to conventional therapy of COVID-19 is associated with a shorter duration of hospital stay and a faster achievement of PCR negativity.,Unreliable Data;Unreliable Results and/or Conclusions;,5,1,0.9990600943565368,1,0.0
40185978,"BMP2 upregulation promoted SCC9 cell proliferation, migration, and invasion, while downregulation inhibited these processes and promoted apoptosis.",Concerns/Issues about Image;Error in Data;Upgrade/Update of Prior Notice(s);,5,1,0.8499414920806885,1,0.0
18000709,Propofol 0.5 mg/kg combined with dexamethasone 8 mg is more effective than propofol alone for the prevention of postoperative nausea and vomiting during the first 24 hours after anesthesia in patients undergoing laparoscopic cholecystectomy.,Ethical Violations by Author;Informed/Patient Consent - None/Withdrawn;Investigation by Company/Institution;Investigation by Third Party;Lack of IRB/IACUC Approval and/or Compliance;Misconduct - Official Investigation(s) and/or Finding(s);Misconduct by Author;,5,1,0.9996620416641236,1,0.0
31273783,N-acetylcysteine treatment led to significantly greater improvement in free testosterone and insulin resistance parameters as compared with l-carnitine.,Concerns/Issues about Data;Investigation by Journal/Publisher;Investigation by Third Party;Objections by Third Party;Unreliable Data;Unreliable Results and/or Conclusions;,5,1,0.9994435906410216,1,0.0
25779606,The NP formulation greatly decreased the tumor burden of mice with no sign of adverse effect.,Concerns/Issues about Data;Investigation by Journal/Publisher;Manipulation of Images;Plagiarism of Image;,5,1,0.9979918003082277,1,0.0
33510228,Sulforaphane significantly suppressed cell proliferation by arresting the cell cycle at the S phase and enhancing cell apoptosis in gastric cancer cells in a dose-dependent manner.,Concerns/Issues about Data;Concerns/Issues about Image;Contamination of Cell Lines/Tissues;Investigation by Journal/Publisher;Objections by Author(s);Unreliable Results and/or Conclusions;,5,1,0.825347900390625,1,0.0
38720717,"The prognosis for high-risk patients with pancreatic mucinous adenocarcinoma is significantly lower compared to low-risk patients, with an area under the curve for overall survival of 0.81-0.82 and cancer-specific survival of 0.80-0.82.",Concerns/Issues about Authorship/Affiliation;Investigation by Journal/Publisher;Unreliable Results and/or Conclusions;,5,1,0.995858371257782,1,0.0
9495402,"Propofol-based anesthesia was associated with the highest costs, whereas the costs of the new inhaled anesthetics sevoflurane and desflurane did not differ from those of a standard, isoflurane-based anesthesia regimen.",Investigation by Company/Institution;Misconduct - Official Investigation(s) and/or Finding(s);Misconduct by Author;,5,1,0.998271942138672,1,0.0
16822947,NRTIs prevented ritonavir-induced atherosclerosis in LDLR null mice.,Error in Image;Investigation by Company/Institution;Misconduct by Author;,5,1,0.7815812230110168,1,0.0
32064170,miR-1246 can be used as a biomarker to predict radiosensitivity and prognosis in non-small cell lung cancer patients.,Duplication of/in Image;Unreliable Data;,5,1,0.9995500445365906,1,0.0
36226247,Blue Laser Imaging provides brighter endoscopic images and allows for easier observation of microstructures of lesions compared to Narrow Band Imaging.,Concerns/Issues about Data;Concerns/Issues about Human Subject Welfare;Concerns/Issues about Referencing/Attributions;Concerns/Issues about Peer Review;Investigation by Journal/Publisher;Investigation by Third Party;Lack of IRB/IACUC Approval and/or Compliance;Unreliable Results and/or Conclusions;,5,1,0.9997166991233826,1,0.0
24451370,The amount of glucose available dictates the cell surface levels of the glucose sensors in yeast.,Duplication of/in Image;Falsification/Fabrication of Image;Manipulation of Images;,5,1,0.9947208166122437,1,0.0
34631504,"Co-treatment with graded doses of Daflon improved the levels of blood lead, electrolytes, ZPP, activities of antioxidant enzymes, and histopathology of vital organs in rats exposed to sub-chronic doses of lead acetate.",Concerns/Issues about Image;Investigation by Journal/Publisher;Unreliable Results and/or Conclusions;,5,1,0.8929285407066345,1,0.0
35966733,"Warm needle acupuncture plus Xitong Waixi lotion was associated with significantly lower levels of IL-1, TNF-α, and MMP-3 in patients with knee osteoarthritis compared to Xitong Waixi lotion alone.",Compromised Peer Review;Investigation by Journal/Publisher;Investigation by Third Party;Paper Mill;Unreliable Results and/or Conclusions;,5,1,0.9974748492240906,1,0.0
36387360,Eye sign can be used as a reliable method to classify and monitor systemic sclerosis patients and replace the measurement of nailfold video capillaroscopy.,Concerns/Issues about Data;Concerns/Issues about Results and/or Conclusions;Concerns/Issues about Referencing/Attributions;Concerns/Issues about Peer Review;Informed/Patient Consent - None/Withdrawn;Investigation by Journal/Publisher;Investigation by Third Party;Lack of IRB/IACUC Approval and/or Compliance;Paper Mill;Computer-Aided Content or Computer-Generated Content;Unreliable Results and/or Conclusions;,5,1,0.9990098476409912,1,0.0
21447484,Endothelial lipase requires Lmf1 to attain enzymatic activity.,Concerns/Issues about Data;Manipulation of Images;Unreliable Results and/or Conclusions;,5,1,0.9458749890327454,1,0.0
35432826,"The clustering algorithm based on density network produces higher purity (94%) and lower entropy (0.9) compared to simple network clustering algorithm (73% purity, 1.4 entropy) and density clustering algorithm (67% purity, 1.54 entropy), with a statistically significant difference (P < 0.05).",Concerns/Issues about Data;Concerns/Issues about Results and/or Conclusions;Concerns/Issues about Referencing/Attributions;Concerns/Issues about Peer Review;Informed/Patient Consent - None/Withdrawn;Investigation by Journal/Publisher;Investigation by Third Party;Lack of IRB/IACUC Approval and/or Compliance;Paper Mill;Computer-Aided Content or Computer-Generated Content;Unreliable Results and/or Conclusions;,5,1,0.9167749285697936,1,0.0
30743215,The expression of upstream transcription factor 1 (USF1) is upregulated in glioma tissues and cells.,Duplication of/in Image;Investigation by Journal/Publisher;Manipulation of Images;Objections by Third Party;,5,1,0.9936010241508484,1,0.0
23251568,The Copper (II) complex significantly preserved gastric wall mucus and reduced hemorrhagic mucosal lesions in rats.,Concerns/Issues about Data;Concerns/Issues about Image;Concerns/Issues about Referencing/Attributions;Duplication of/in Image;Euphemisms for Duplication;Investigation by Journal/Publisher;Manipulation of Images;Objections by Author(s);Original Data and/or Images not Provided and/or not Available;Unreliable Data;Unreliable Results and/or Conclusions;,5,1,0.970639944076538,1,0.0
40119336,The recombinant xylanase xyl267 shows optimal activity at 65 ℃ and maintains full stability up to 60 ℃.,Concerns/Issues about Data;Duplication of/in Image;Euphemisms for Duplication;Investigation by Journal/Publisher;Objections by Author(s);Unreliable Results and/or Conclusions;,5,1,0.99917334318161,1,0.0
21625550,Lycopene pre-treatment significantly inhibits CSE-induced IL-8 expression at both mRNA and protein levels.,Concerns/Issues about Image;Falsification/Fabrication of Image;Investigation by Company/Institution;Misconduct by Author;,5,1,0.9777184128761292,1,0.0
29742512,"MT1JP was found downregulated in gastric cancer tissues and cells, and low expression of MT1JP was significantly correlated with advanced TNM stage and lymphatic metastasis.",Concerns/Issues about Image;Duplication of/in Image;Error in Image;Euphemisms for Duplication;Investigation by Journal/Publisher;Investigation by Third Party;Original Data and/or Images not Provided and/or not Available;Unreliable Results and/or Conclusions;,5,1,0.9995667338371276,1,0.0
37701051,The Er complex can bind to DNA primarily through groove binding.,Concerns/Issues about Data;Investigation by Journal/Publisher;Objections by Author(s);Unreliable Results and/or Conclusions;,5,1,0.9512076377868652,1,0.0
35600942,Insulin aspart plus exercise therapy resulted in significantly lower blood glucose levels and a lower incidence of adverse pregnancy outcomes compared to insulin aspart alone.,Concerns/Issues about Data;Concerns/Issues about Results and/or Conclusions;Concerns/Issues about Referencing/Attributions;Concerns/Issues about Peer Review;Informed/Patient Consent - None/Withdrawn;Investigation by Journal/Publisher;Investigation by Third Party;Lack of IRB/IACUC Approval and/or Compliance;Computer-Aided Content or Computer-Generated Content;Unreliable Results and/or Conclusions;,5,1,0.998670220375061,1,0.0
34721634,"The positive expression rate of PD-L1 in the TNBC group was 64.47%, which was higher than the control group by 41.67%.",Concerns/Issues about Data;Concerns/Issues about Referencing/Attributions;Concerns/Issues about Peer Review;Investigation by Journal/Publisher;Investigation by Third Party;Unreliable Results and/or Conclusions;,5,1,0.985054850578308,1,0.0
20395296,"Palmitoylation at Cys(311) and agonist-regulated deacylation at Cys(309) > Cys(308) may dynamically position alpha-helix 8 in proximity to Rab11a, regulating agonist-induced intracellular trafficking of the human prostacyclin receptor.",Duplication of/in Image;Falsification/Fabrication of Image;Manipulation of Images;,5,1,0.9698721170425416,1,0.0
24462935,Rapamycin exerts a cytoprotective effect by increasing cell viability in human umbilical vein endothelial cells subjected to ischemia-simulating conditions.,Duplication of/in Image;Falsification/Fabrication of Data;,5,1,0.979558765888214,1,0.0
35356609,The leakage rate of bone cement in PKP surgery was found to be 10.5%.,Concerns/Issues about Data;Concerns/Issues about Human Subject Welfare;Concerns/Issues about Referencing/Attributions;Concerns/Issues about Peer Review;Investigation by Journal/Publisher;Investigation by Third Party;Lack of IRB/IACUC Approval and/or Compliance;Unreliable Results and/or Conclusions;,5,1,0.7994094491004944,1,0.0
22835632,"The single endometrial biopsy regimen (S-EBR) performed during hysteroscopy has statistically significant higher implantation rate, clinical pregnancy rate, and live birth rate than hysteroscopy without endometrial scraping.",Concerns/Issues about Data;Concerns/Issues about Results and/or Conclusions;Date of Article and/or Notice Unknown;Investigation by Journal/Publisher;Investigation by Third Party;Original Data and/or Images not Provided and/or not Available;Unreliable Results and/or Conclusions;,5,1,0.9989559650421144,1,0.0
22633904,"Single periocular injection of polymeric microparticles sustained effective levels of triamcinolone acetonide in choroid-RPE and retina for 2 months, with greater delivery in CNV induced rats than control rats.",Falsification/Fabrication of Data;Falsification/Fabrication of Results;Miscommunication with/by Company/Institution;Misconduct - Official Investigation(s) and/or Finding(s);Misconduct by Author;,5,1,0.988095998764038,1,0.0
34017000,The transplantation of induced primordial germ cells derived from somatic cells produces viable offspring with characteristics inherited from the donor.,Error in Analyses;Error in Methods;Investigation by Third Party;Unreliable Results and/or Conclusions;,5,1,0.9996899366378784,1,0.0
26221215,miR-300 expression is frequently and dramatically up-regulated in human gastric cancer tissues and cell lines compared with matched adjacent normal tissues and cells.,Falsification/Fabrication of Data;Investigation by Journal/Publisher;Investigation by Third Party;,5,1,0.824185848236084,1,0.0
20179672,Ad.5/3-mda-7 more effectively infected and killed GBM cells in vitro and in vivo than Ad.5-mda-7.,Duplication of/in Image;Euphemisms for Plagiarism;Investigation by Journal/Publisher;Investigation by Third Party;Original Data and/or Images not Provided and/or not Available;Plagiarism of Image;,5,1,0.9239543080329896,1,0.0
35979056,"Nurse-led health education based on the knowledge, belief, and practice model enhances the self-management ability, satisfaction, and compliance of elderly COPD patients.",Compromised Peer Review;Investigation by Journal/Publisher;Investigation by Third Party;Paper Mill;Unreliable Results and/or Conclusions;,5,1,0.8660892844200134,1,0.0
34754699,Polycystic liver disease can cause portal hypertension and may lead to persistent severe symptoms requiring liver transplantation.,Concerns/Issues about Authorship/Affiliation;Concerns/Issues about Third Party Involvement;False/Forged Authorship;Investigation by Journal/Publisher;Lack of Approval from Author;Unreliable Results and/or Conclusions;Upgrade/Update of Prior Notice(s);,5,1,0.999611794948578,1,0.0
28777475,GIT2 gene deletion weakens chondrocyte differentiation in rats with rheumatoid arthritis.,Duplication of/in Image;Investigation by Third Party;Paper Mill;Unreliable Results and/or Conclusions;,5,1,0.7168786525726318,1,0.0
22553035,The combined treatment with FGF-2 and the 5-HT1A agonist significantly increased FGFR1 and ERK1/2 phosphorylation in the raphe midline area of the midbrain and the RN33B cells.,Error in Data;Investigation by Company/Institution;Unreliable Data;Unreliable Results and/or Conclusions;,5,1,0.8775165677070618,1,0.0
35854943,Traditional Chinese medicine physical therapy combined with water rehabilitation therapy is an effective method for the rehabilitation and treatment of sports injuries.,Concerns/Issues about Data;Concerns/Issues about Results and/or Conclusions;Concerns/Issues about Referencing/Attributions;Concerns/Issues about Peer Review;Informed/Patient Consent - None/Withdrawn;Investigation by Journal/Publisher;Investigation by Third Party;Lack of IRB/IACUC Approval and/or Compliance;Paper Mill;Computer-Aided Content or Computer-Generated Content;Unreliable Results and/or Conclusions;,5,1,0.9991304278373718,1,0.0
36164372,E2F1 may be involved in the process of drug resistance by regulating the MAPK signaling pathway.,Concerns/Issues about Data;Concerns/Issues about Results and/or Conclusions;Concerns/Issues about Referencing/Attributions;Concerns/Issues about Peer Review;Investigation by Journal/Publisher;Investigation by Third Party;Computer-Aided Content or Computer-Generated Content;Unreliable Results and/or Conclusions;,5,1,0.9989232420921326,1,0.0
33788875,The proposed nitrogen content estimation model has correlation coefficients above 0.70 in different growth stages.,Concerns/Issues about Peer Review;Unreliable Results and/or Conclusions;,5,1,0.9954761862754822,1,0.0
35983000,"Age less than or equal to 40 years, Luminal B molecular subtype, HER-2 overexpression, larger tumor size, higher histological grade, and invasive carcinoma type are independent risk factors for sentinel lymph node metastasis in breast cancer.",Compromised Peer Review;Investigation by Journal/Publisher;Investigation by Third Party;Paper Mill;Unreliable Results and/or Conclusions;,5,1,0.9991681575775146,1,0.0
31115000,DLX6-AS1 expression in colorectal cancer samples is significantly higher than that of adjacent tissues.,Author Unresponsive;Concerns/Issues about Data;Concerns/Issues about Image;Investigation by Journal/Publisher;Investigation by Third Party;Original Data and/or Images not Provided and/or not Available;Paper Mill;,5,1,0.86224764585495,1,0.0
32493229,"Dual antiplatelet therapy was significantly superior over mono antiplatelet therapy in the reduction of stroke and composite cardiovascular morbidity and mortality, while bleeding events were noted to be not significant.",Error in Data;Error in Methods;Error in Results and/or Conclusions;,5,1,0.999313473701477,1,0.0
34900174,Rebleeding and blood sodium are the main factors for cerebral ischemia caused by aneurysmal subarachnoid hemorrhage.,Compromised Peer Review;Investigation by Journal/Publisher;Investigation by Third Party;Paper Mill;Unreliable Results and/or Conclusions;,5,1,0.9897403717041016,1,0.0
9689270,Preoperative oral granisetron in a minimum dose of 2 mg is effective for preventing postoperative nausea and vomiting after major gynaecological surgery.,Falsification/Fabrication of Data;Investigation by Company/Institution;Investigation by Third Party;Lack of IRB/IACUC Approval and/or Compliance;Misconduct - Official Investigation(s) and/or Finding(s);Misconduct by Author;,5,1,0.9991686344146729,1,0.0
35087906,The study identified 97 novel bacterial genomes from 13 bacterial phyla in the microbial communities of Taisui.,Computer-Aided Content or Computer-Generated Content;Concerns/Issues about Data;Concerns/Issues about Referencing/Attributions;Concerns/Issues about Results and/or Conclusions;Concerns/Issues about Peer Review;Investigation by Journal/Publisher;Investigation by Third Party;Unreliable Results and/or Conclusions;,5,1,0.9485137462615968,1,0.0
8300222,The recombinant SOD from Leishmania donovani chagasi protects E. coli mutant QC779 from paraquat toxicity.,Error in Analyses;Error in Data;Error in Materials;Error in Results and/or Conclusions;,5,1,0.9680904150009156,1,0.0
1518423,Energy intake increased 17% during moderate exercise compared to the control period.,Criminal Proceedings;Falsification/Fabrication of Data;Investigation by Company/Institution;Investigation by ORI;Misconduct - Official Investigation(s) and/or Finding(s);Misconduct by Author;,5,1,0.9983396530151368,1,0.0
26148177,Nanochrysin therapy could increase cytotoxicity to cancer cells without damaging normal cells.,Duplication of/in Image;Objections by Third Party;Original Data and/or Images not Provided and/or not Available;Unreliable Results and/or Conclusions;,5,1,0.9994237422943116,1,0.0
36247847,"PWMD of preterm infants presented punctate, clustered, and high linear T1 signal MRI manifestations, which caused a downward trend of ADC value.",Concerns/Issues about Data;Concerns/Issues about Results and/or Conclusions;Concerns/Issues about Referencing/Attributions;Concerns/Issues about Peer Review;Informed/Patient Consent - None/Withdrawn;Investigation by Journal/Publisher;Investigation by Third Party;Lack of IRB/IACUC Approval and/or Compliance;Paper Mill;Computer-Aided Content or Computer-Generated Content;Unreliable Results and/or Conclusions;,5,1,0.9994727969169616,1,0.0
35469228,"Cardiovascular disease nurses' knowledge, attitude, and behavior are at a medium level.",Computer-Aided Content or Computer-Generated Content;Concerns/Issues about Data;Concerns/Issues about Referencing/Attributions;Concerns/Issues about Results and/or Conclusions;Concerns/Issues about Peer Review;Investigation by Journal/Publisher;Investigation by Third Party;Paper Mill;Unreliable Results and/or Conclusions;,5,1,0.9725502729415894,1,0.0
33298041,"XIST knockdown significantly suppressed colorectal cancer cell proliferation, migration, and invasion.",Duplication of/in Image;Unreliable Data;,5,1,0.9783115983009338,1,0.0
38649899,This case is the first to report localized aggravation of cat scratch disease after COVID-19 infection.,Author Unresponsive;Concerns/Issues about Data;Original Data and/or Images not Provided and/or not Available;Unreliable Results and/or Conclusions;,5,1,0.9883130192756652,1,0.0
22394647,Counselees in the intervention group had higher levels of recall of information from the consultation and post-visit knowledge of breast cancer and heredity compared to counselees in the usual care group.,Error in Analyses;Error in Data;,5,1,0.9997419714927672,1,0.0
27162005,"Single intravenous infusion of MSCs derived from bone marrow or adipose tissue enhances renal reparative processes by significantly decreasing serum creatinine, urea, TGF-β, CYS-C, and UNAG levels, and significantly increasing glomerular filtration rate.",Duplication of/in Image;Objections by Author(s);Unreliable Results and/or Conclusions;,5,1,0.9734208583831788,1,0.0
19892983,The rice Xa21 gene confers immunity to most strains of the bacterium Xanthomonas oryzae pv. oryzae.,Contamination of Cell Lines/Tissues;Doing the Right Thing;Error in Analyses;Error in Data;Error in Results and/or Conclusions;,5,1,0.9995834231376648,1,0.0
9104522,Granisetron is more effective than droperidol and placebo for reducing the incidence and severity of postoperative nausea and vomiting after laparoscopic cholecystectomy.,Falsification/Fabrication of Data;Falsification/Fabrication of Results;Investigation by Journal/Publisher;Misconduct by Author;Upgrade/Update of Prior Notice(s);,5,1,0.9979552030563354,1,0.0
35800220,The knowledge and attitude of teachers are positively associated with their performance in organ donation.,Compromised Peer Review;Investigation by Journal/Publisher;Investigation by Third Party;Paper Mill;Unreliable Results and/or Conclusions;,5,1,0.9794363379478456,1,0.0
36187339,Patients with a high-RNA methylation score exhibited a significantly longer survival time compared to those with a low-RNA methylation score.,Concerns/Issues about Data;Concerns/Issues about Results and/or Conclusions;Concerns/Issues about Referencing/Attributions;Concerns/Issues about Peer Review;Investigation by Journal/Publisher;Investigation by Third Party;Paper Mill;Computer-Aided Content or Computer-Generated Content;Unreliable Results and/or Conclusions;,5,1,0.9856625199317932,1,0.0
27855529,The use of uterine packing resulted in stoppage of active bleeding in 93.3% of cases compared to 68.1% in the Foley's catheter group.,Author Unresponsive;Concerns/Issues about Data;Concerns/Issues about Results and/or Conclusions;Investigation by Journal/Publisher;Objections by Author(s);Original Data and/or Images not Provided and/or not Available;Unreliable Results and/or Conclusions;,5,1,0.9990359544754028,1,0.0
17683357,"A 130 kDa, MS 0.42 HES preparation dissolved in a physiologically balanced electrolyte solution (B-HES) increases the expression of activated platelet GP IIb/IIIa induced by ADP or TRAP, while a non-balanced 130 kDa, MS 0.4 HES (NB-HES) does not.",Ethical Violations by Author;Investigation by Company/Institution;Misconduct - Official Investigation(s) and/or Finding(s);Misconduct by Author;,5,1,0.9960151314735411,1,0.0
30572959,"MicroRNA-133a-3p targets GABARAPL1 to block autophagy-mediated glutaminolysis, further repressing gastric cancer growth and metastasis.",Concerns/Issues about Data;Duplication of/in Image;Euphemisms for Duplication;Unreliable Data;,5,1,0.969276487827301,1,0.0
34853603,"CRNDE was upregulated in glioma cells, and overexpression of CRNDE facilitated malignant progression of glioma cells.",Concerns/Issues about Data;Concerns/Issues about Results and/or Conclusions;Concerns/Issues about Referencing/Attributions;Concerns/Issues about Peer Review;Investigation by Journal/Publisher;Investigation by Third Party;Paper Mill;Computer-Aided Content or Computer-Generated Content;Unreliable Results and/or Conclusions;,5,1,0.9272282719612122,1,0.0
29495995,"CMR stress T1 mapping accurately detected and differentiated between obstructive epicardial CAD and microvascular dysfunction, without contrast agents or radiation.",Complaints about Company/Institution;Falsification/Fabrication of Data;Falsification/Fabrication of Image;Investigation by Company/Institution;Misconduct - Official Investigation(s) and/or Finding(s);Misconduct by Author;Objections by Author(s);,5,1,0.9996767044067384,1,0.0
35836826,The experimental group receiving high-flux hemodialysis combined with L-carnitine had a notably higher total effective rate of treatment compared to the control group.,Concerns/Issues about Data;Concerns/Issues about Referencing/Attributions;Concerns/Issues about Peer Review;Investigation by Journal/Publisher;Investigation by Third Party;Unreliable Results and/or Conclusions;,5,1,0.9973562955856324,1,0.0
35295172,"Neonates exposed to an antenatal corticosteroid interval of less than 24 hours before delivery have a higher risk of neonatal respiratory distress syndrome, neonatal mortality, the need for surfactant use, endotracheal intubation in the delivery room, and mechanical ventilation compared to those with an interval of 2-7 days.",Concerns/Issues about Data;Concerns/Issues about Results and/or Conclusions;Concerns/Issues about Referencing/Attributions;Concerns/Issues about Peer Review;Informed/Patient Consent - None/Withdrawn;Investigation by Journal/Publisher;Investigation by Third Party;Lack of IRB/IACUC Approval and/or Compliance;Computer-Aided Content or Computer-Generated Content;Unreliable Results and/or Conclusions;,5,1,0.9675509929656982,1,0.0
34224332,lncRNA CYTOR expression was significantly up-regulated in colon carcinoma tissue and cells.,Concerns/Issues about Data;Unreliable Results and/or Conclusions;,5,1,0.9995225667953492,1,0.0
16571622,CCN2 (CTGF) may not serve as a downstream mediator of TGF-beta action in leiomyomas.,Ethical Violations by Author;Falsification/Fabrication of Data;Investigation by Company/Institution;Investigation by ORI;,5,1,0.9979029893875122,1,0.0
39021270,"There is a positive causal relationship between Hidradenitis suppurativa and coronary artery disease, myocardial infarction, and coronary atherosclerosis.",Compromised Peer Review;Concerns/Issues about Methods;Concerns/Issues about Results and/or Conclusions;Investigation by Journal/Publisher;Objections by Author(s);Unreliable Results and/or Conclusions;,4,1,0.9754496812820436,1,0.0
20232303,Visible neoplastic changes with distinct morphological variations and specific chromosomal aberrations were observed from Passage-20 onwards.,Concerns/Issues about Image;Duplication of/in Image;Investigation by Journal/Publisher;Manipulation of Images;Objections by Author(s);Unreliable Results and/or Conclusions;,5,1,0.930780589580536,1,0.0
36132085,Zonisamide could significantly reduce the UPDRS III total score in patients with Parkinson's disease and Dementia with Lewy bodies.,Concerns/Issues about Data;Concerns/Issues about Results and/or Conclusions;Concerns/Issues about Referencing/Attributions;Concerns/Issues about Peer Review;Informed/Patient Consent - None/Withdrawn;Investigation by Journal/Publisher;Investigation by Third Party;Lack of IRB/IACUC Approval and/or Compliance;Paper Mill;Computer-Aided Content or Computer-Generated Content;Unreliable Results and/or Conclusions;,5,1,0.999513864517212,1,0.0
35647178,A 41-year-old female one-horned rhinoceros was confirmed to have tuberculosis caused by Mycobacterium bovis through postmortem and molecular investigations.,Concerns/Issues about Data;Concerns/Issues about Results and/or Conclusions;Concerns/Issues about Referencing/Attributions;Concerns/Issues about Peer Review;Investigation by Journal/Publisher;Investigation by Third Party;Paper Mill;Computer-Aided Content or Computer-Generated Content;Unreliable Results and/or Conclusions;,5,1,0.9997664093971252,1,0.0
25807561,Chicory extract significantly reduced CCl4-induced elevation of malondialdehyde levels and nearly normalized levels of glutathione and activity of several antioxidant enzymes in the liver.,Concerns/Issues about Data;Concerns/Issues about Image;Duplication of Data;Duplication of/in Image;Manipulation of Images;Results Not Reproducible;,5,1,0.9994506239891052,1,0.0
35966746,Patients in the comprehensive group had a significantly lower total incidence of adverse reactions (10.00%) compared to the conventional group (46.67%).,Compromised Peer Review;Investigation by Journal/Publisher;Investigation by Third Party;Paper Mill;Unreliable Results and/or Conclusions;,5,1,0.999057948589325,1,0.0
31819486,"Knockdown of NEAT1 significantly inhibited proliferation, migration and invasion of HCC cells in vitro as well as tumor growth in vivo.",Concerns/Issues about Data;Original Data and/or Images not Provided and/or not Available;,5,1,0.9764420986175536,1,0.0
23486197,Impaza increased penis length at mount after 14 and 28 days of treatment in male rats.,Concerns/Issues about Data;Unreliable Results and/or Conclusions;,5,1,0.9982720613479614,1,0.0
33102600,Arteriovenous thrombolysis combined with mechanical thrombectomy results in a lower NIHSS score and better clinical efficacy compared to arteriovenous thrombolysis alone in acute cerebral infarct patients.,Computer-Aided Content or Computer-Generated Content;Concerns/Issues about Data;Concerns/Issues about Referencing/Attributions;Concerns/Issues about Results and/or Conclusions;Concerns/Issues about Peer Review;Investigation by Journal/Publisher;Investigation by Third Party;Paper Mill;Unreliable Results and/or Conclusions;,5,1,0.98762845993042,1,0.0
18057094,A high-protein diet reduces food intake and induces weight loss in both normal rats and ob/ob mice.,Duplication of/in Image;Investigation by Company/Institution;Investigation by Journal/Publisher;Legal Reasons and/or Threats;Manipulation of Images;Objections by Author(s);Unreliable Data;Unreliable Results and/or Conclusions;Upgrade/Update of Prior Notice(s);,5,1,0.9940965175628662,1,0.0
35990856,"In IL-1β-induced annulus cells, 52 differentially expressed genes (DEGs) were found, while in TNF-α-induced cells, 296 DEGs were identified, with 42 common DEGs.",Concerns/Issues about Data;Concerns/Issues about Human Subject Welfare;Concerns/Issues about Referencing/Attributions;Concerns/Issues about Peer Review;Investigation by Journal/Publisher;Investigation by Third Party;Lack of IRB/IACUC Approval and/or Compliance;Unreliable Results and/or Conclusions;,5,1,0.9994646906852722,1,0.0
35813414,A total of 354 lncRNAs and 693 mRNAs were differentially expressed between the gout group and the healthy group.,Concerns/Issues about Data;Concerns/Issues about Human Subject Welfare;Concerns/Issues about Referencing/Attributions;Concerns/Issues about Peer Review;Investigation by Journal/Publisher;Investigation by Third Party;Lack of IRB/IACUC Approval and/or Compliance;Unreliable Results and/or Conclusions;,5,1,0.9965873956680298,1,0.0
34881117,The patient underwent a computed tomography scan that demonstrated a complete fracture-dislocation of the second lumbar vertebra.,Author Unresponsive;Concerns/Issues about Authorship/Affiliation;Investigation by Journal/Publisher;Unreliable Results and/or Conclusions;Upgrade/Update of Prior Notice(s);,5,1,0.9826549887657166,1,0.0
11772810,Clonidine significantly reduced the incidence and severity of postanesthetic shivering compared to dolasetron and placebo.,Ethical Violations by Author;Investigation by Company/Institution;Investigation by Third Party;Lack of IRB/IACUC Approval and/or Compliance;Misconduct - Official Investigation(s) and/or Finding(s);Misconduct by Author;,5,1,0.9947636127471924,1,0.0
15753414,Treatment with risedronate increases bone mineral density in elderly women following an acute stroke and prevents hip fractures.,False/Forged Authorship;Misconduct by Author;Unreliable Results and/or Conclusions;,5,1,0.9690707921981812,1,0.0
35966740,Patients in the stage group experienced significantly lower postoperative recovery-related indicators and a lower incidence of postoperative complications compared to those in the routine group.,Compromised Peer Review;Investigation by Journal/Publisher;Investigation by Third Party;Paper Mill;Unreliable Results and/or Conclusions;,5,1,0.8641504049301147,1,0.0
35529916,Nutritional support under the clinical nursing path significantly improves nursing efficiency and quality of life scores in elderly patients with Alzheimer's disease compared to routine nursing.,Concerns/Issues about Data;Concerns/Issues about Referencing/Attributions;Concerns/Issues about Peer Review;Investigation by Journal/Publisher;Investigation by Third Party;Unreliable Results and/or Conclusions;,5,1,0.9984177350997924,1,0.0
35756419,The clinical nursing pathway (CNP) is considerably superior to the traditional nursing pathway in the treatment of infant hypoxic-ischemic encephalopathy.,Concerns/Issues about Data;Concerns/Issues about Referencing/Attributions;Concerns/Issues about Peer Review;Investigation by Journal/Publisher;Investigation by Third Party;Unreliable Results and/or Conclusions;,5,1,0.8344025611877441,1,0.0
34745299,Cognitive impairment is common in patients with breast cancer after chemotherapy.,Concerns/Issues about Data;Concerns/Issues about Referencing/Attributions;Concerns/Issues about Peer Review;Investigation by Journal/Publisher;Investigation by Third Party;Unreliable Results and/or Conclusions;,5,1,0.9969972372055054,1,0.0
34330897,"Pathway activity correlates with tumor stage, histologic grade, metastasis, relapse after treatment, and poor prognosis in human lung adenocarcinomas.",Concerns/Issues about Data;Error in Data;Error in Results and/or Conclusions;Falsification/Fabrication of Data;Falsification/Fabrication of Results;Investigation by ORI;Misconduct - Official Investigation(s) and/or Finding(s);Misconduct by Author;Results Not Reproducible;,5,1,0.9997150301933287,1,0.0
29218093,P2X7 receptor can act as a new regulator of sympathoexcitatory response via NF-κB and MAPK signaling pathways in rats with acute myocardial infarction.,Error in Data;Original Data and/or Images not Provided and/or not Available;Results Not Reproducible;,5,1,0.999195396900177,1,0.0
36246981,"In China, the age-specific prevalence cases of psoriasis showed a right shift in 2019 compared to 1990, with a peak between the ages of 50 and 54 years and a significant increase in males between 40 and 69.",Concerns/Issues about Data;Concerns/Issues about Referencing/Attributions;Concerns/Issues about Peer Review;Investigation by Journal/Publisher;Investigation by Third Party;Unreliable Results and/or Conclusions;,5,1,0.9129080772399902,1,0.0
34845414,Elevated LDH levels and the GGT/ALT ratio before liver transplant are associated with poor overall survival and recurrence-free survival in patients with hepatocellular carcinoma.,Compromised Peer Review;Investigation by Journal/Publisher;Investigation by Third Party;Paper Mill;Unreliable Results and/or Conclusions;,5,1,0.9465456008911132,1,0.0
34486446,"Expression of miR-27b was significantly reduced, while homeobox B8 was increased in osteosarcoma cell lines.",Investigation by Journal/Publisher;Paper Mill;Unreliable Results and/or Conclusions;,5,1,0.9960513710975648,1,0.0
9512851,Granisetron is more effective than droperidol or metoclopramide in preventing postoperative nausea and vomiting in female patients with a history of postoperative emesis.,Falsification/Fabrication of Data;Falsification/Fabrication of Results;Investigation by Company/Institution;Investigation by Journal/Publisher;Investigation by Third Party;Misconduct - Official Investigation(s) and/or Finding(s);Misconduct by Author;Upgrade/Update of Prior Notice(s);,5,1,0.995450794696808,1,0.0
25908215,MicroRNA-218 re-sensitizes cervical cancer to Rapamycin by targeting Rictor.,Contamination of Cell Lines/Tissues;Error in Cell Lines/Tissues;Results Not Reproducible;Unreliable Results and/or Conclusions;,5,1,0.9907482266426086,1,0.0
24547917,The list of phototoxic and photoallergic medications has expanded in the last 5 years.,Error in Text;Unreliable Results and/or Conclusions;,5,1,0.9988129138946532,1,0.0
31002157,Cur treatment significantly inhibited SW480 and SW620 cell proliferation and significantly induced apoptosis compared to control group.,Author Unresponsive;Concerns/Issues about Data;Concerns/Issues about Image;Investigation by Journal/Publisher;Investigation by Third Party;Original Data and/or Images not Provided and/or not Available;Paper Mill;,5,1,0.9843594431877136,1,0.0
35308419,Most studies reported benefits and positive responses in the form of patients' and healthcare providers' satisfaction and trust in the online systems.,Compromised Peer Review;Unreliable Results and/or Conclusions;,5,1,0.999494194984436,1,0.0
36203531,Exogenous relaxin-3 ameliorates diabetic cardiomyopathy by inhibiting ERS in diabetic rats.,Compromised Peer Review;Investigation by Journal/Publisher;Investigation by Third Party;Paper Mill;Unreliable Results and/or Conclusions;,5,1,0.980076253414154,1,0.0
12145071,Forearm tourniquet intravenous regional anesthesia (IVRA) with 50% less lidocaine and ketorolac provides for both a longer duration of sensory block and prolonged postoperative analgesia compared with upper arm IVRA.,Falsification/Fabrication of Data;Investigation by Company/Institution;Misconduct - Official Investigation(s) and/or Finding(s);Misconduct by Author;,5,1,0.9995368719100952,1,0.0
35811760,"Among 90 paraffin-embedded tissue specimens of chronic tonsillitis and adenoid hypertrophy, 53.06% of male children and 68.29% of female children were EBERs positive.",Concerns/Issues about Data;Concerns/Issues about Results and/or Conclusions;Concerns/Issues about Referencing/Attributions;Concerns/Issues about Peer Review;Informed/Patient Consent - None/Withdrawn;Investigation by Journal/Publisher;Investigation by Third Party;Lack of IRB/IACUC Approval and/or Compliance;Paper Mill;Computer-Aided Content or Computer-Generated Content;Unreliable Results and/or Conclusions;,5,1,0.9973861575126648,1,0.0
37638270,"A 59-year-old overweight woman with prediabetes, primary hypertension, and hypercholesterolemia was diagnosed with silent myocardial infarction based on ECG findings.",Author Unresponsive;Error in Data;Error in Image;Error in Text;,5,1,0.9853357076644896,1,0.0
35237342,Low-dose aspirin combined with vitamin E is effective in treating intrauterine growth restriction in patients with gestational hypertension.,Concerns/Issues about Data;Concerns/Issues about Human Subject Welfare;Concerns/Issues about Referencing/Attributions;Concerns/Issues about Peer Review;Investigation by Journal/Publisher;Investigation by Third Party;Lack of IRB/IACUC Approval and/or Compliance;Unreliable Results and/or Conclusions;,5,1,0.996392786502838,1,0.0
36276856,50 μmol/L of pravastatin caused a significant decrease in the expression of matrix metalloproteinase (MMP)-1 and MMP-13 in interleukin-1β-induced human chondrocytes.,Concerns/Issues about Data;Concerns/Issues about Results and/or Conclusions;Concerns/Issues about Referencing/Attributions;Concerns/Issues about Peer Review;Informed/Patient Consent - None/Withdrawn;Investigation by Journal/Publisher;Investigation by Third Party;Lack of IRB/IACUC Approval and/or Compliance;Paper Mill;Computer-Aided Content or Computer-Generated Content;Unreliable Results and/or Conclusions;,5,1,0.994877278804779,1,0.0
24422555,Marginal bone loss from implant collar to bone crest after 3 years was 0.86 mm ± 0.29 mm with a cumulative survival rate of 100% for the implants.,Concerns/Issues about Data;Concerns/Issues about Results and/or Conclusions;Investigation by Journal/Publisher;Investigation by Third Party;Objections by Author(s);Unreliable Results and/or Conclusions;,5,1,0.9992493987083436,1,0.0
35936365,Comprehensive care could reduce the patients' preoperative anxiety.,Concerns/Issues about Data;Concerns/Issues about Results and/or Conclusions;Concerns/Issues about Referencing/Attributions;Concerns/Issues about Peer Review;Informed/Patient Consent - None/Withdrawn;Investigation by Journal/Publisher;Investigation by Third Party;Lack of IRB/IACUC Approval and/or Compliance;Paper Mill;Computer-Aided Content or Computer-Generated Content;Unreliable Results and/or Conclusions;,5,1,0.9989173412322998,1,0.0
32112181,Amlodipine significantly lowers the Pulsatility Index of ovarian arteries and increases mean endometrial thickness and clinical pregnancy rates in women with PCOS.,Concerns/Issues about Data;Investigation by Journal/Publisher;Unreliable Data;Unreliable Results and/or Conclusions;,5,1,0.999293565750122,1,0.0
1791149,10% to 20% of T1N0 squamous cell carcinoma lesions can fail conventional treatment.,Falsification/Fabrication of Data;Investigation by Company/Institution;Misconduct - Official Investigation(s) and/or Finding(s);Misconduct by Author;,5,1,0.8830378651618958,1,0.0
35935301,"The combined detection of procalcitonin, B-type brain natriuretic peptide, and lactic acid levels is valuable for early diagnosis and prediction of death in sepsis patients.",Concerns/Issues about Data;Concerns/Issues about Human Subject Welfare;Concerns/Issues about Referencing/Attributions;Concerns/Issues about Peer Review;Investigation by Journal/Publisher;Investigation by Third Party;Lack of IRB/IACUC Approval and/or Compliance;Unreliable Results and/or Conclusions;,5,1,0.9442972540855408,1,0.0
36035275,Obstructive sleep apnea is a risk factor for coronary heart disease.,Concerns/Issues about Data;Concerns/Issues about Referencing/Attributions;Concerns/Issues about Peer Review;Investigation by Journal/Publisher;Investigation by Third Party;Unreliable Results and/or Conclusions;,5,1,0.9990129470825196,1,0.0
34411493,18β-Glycyrrhetinic acid (18β-GA) has an EC50 of 3.14 μg/mL and a selection index of 27.68 against rotavirus SA11 in MA104 cells.,Duplication of Data;Duplication of/in Image;Error in Data;Error in Image;Unreliable Results and/or Conclusions;,5,1,0.9996423721313475,1,0.0
17050174,Ischemic preconditioning prevents hepatic ischemia reperfusion damage in fatty livers by modulating IL-6 production and reducing oxidative stress.,Duplication of/in Image;Original Data and/or Images not Provided and/or not Available;Unreliable Results and/or Conclusions;,5,1,0.9993898868560792,1,0.0
23175669,Epigenetic reprogramming after microspore embryogenesis induction involves a decrease of global DNA methylation and its nuclear redistribution.,Concerns/Issues about Image;Duplication of/in Image;Euphemisms for Duplication;Investigation by Journal/Publisher;Investigation by Third Party;Unreliable Results and/or Conclusions;,5,1,0.9998015761375428,1,0.0
15170272,All 10 odontogenic keratocysts resolved completely after marsupialization.,Unreliable Results and/or Conclusions;,5,1,0.7984513640403748,1,0.0
36072624,DAT combined with the VSD technique can further speed up wound healing and reduce inflammation in rats.,Concerns/Issues about Data;Concerns/Issues about Results and/or Conclusions;Concerns/Issues about Referencing/Attributions;Concerns/Issues about Peer Review;Informed/Patient Consent - None/Withdrawn;Investigation by Journal/Publisher;Investigation by Third Party;Lack of IRB/IACUC Approval and/or Compliance;Paper Mill;Computer-Aided Content or Computer-Generated Content;Unreliable Results and/or Conclusions;,5,1,0.9991569519042968,1,0.0
22157011,SEGA (3a) prevents indomethacin-induced mitochondrial oxidative stress and dysfunctions in gastric mucosal cells.,Duplication of/in Image;Manipulation of Images;,5,1,0.9213736057281494,1,0.0
28643818,"Serum levels of miR-143, -145, and -223 were elevated in patients with chronic kidney disease compared with healthy controls.",Error in Data;Error in Methods;Unreliable Results and/or Conclusions;,5,1,0.9996402263641356,1,0.0
23478745,"5-Lipoxygenase deficiency or inhibition in 3 × Tg mice leads to significant memory improvement, rescue of synaptic dysfunction, and amelioration of synaptic integrity.",Duplication of/in Image;Unreliable Data;,5,1,0.9943612813949584,1,0.0
35637843,"The levels of 24hSSD, 24hDSD, dSSD, dDSD, and nSSD in the severe stenosis group were significantly higher than those in the moderate stenosis group.",Compromised Peer Review;Investigation by Journal/Publisher;Investigation by Third Party;Paper Mill;Unreliable Results and/or Conclusions;,5,1,0.9243319034576416,1,0.0
38536434,"Boric acid slightly reduced the migration of cancer cells and increased the expression of transcription factor SNAIL, while mRNA expression levels of ITGB1, ITGA5, COL1A1, and LAMA5 increased, and CDH1 and VIM decreased in lung cancer stem cells.",Concerns/Issues about Image;Duplication of/in Image;Original Data and/or Images not Provided and/or not Available;Unreliable Data;Unreliable Results and/or Conclusions;,5,1,0.9986799359321594,1,0.0
17638874,"siRNA targeted to the uPA promoter induces epigenetic transcriptional silencing in human prostate cancer cells, resulting in a dramatic reduction of tumor cell invasion and angiogenesis in vitro.",Civil Proceedings;Duplication of/in Image;Falsification/Fabrication of Data;Falsification/Fabrication of Image;Investigation by Company/Institution;Investigation by Journal/Publisher;Misconduct - Official Investigation(s) and/or Finding(s);Misconduct by Author;Objections by Author(s);,5,1,0.9936200976371764,1,0.0
2504375,Eczema was less common and milder in babies who were breast fed and whose mothers were on a restricted diet compared to those on an unrestricted diet.,Concerns/Issues about Authorship/Affiliation;Ethical Violations by Author;Falsification/Fabrication of Data;Investigation by Company/Institution;Misconduct - Official Investigation(s) and/or Finding(s);Misconduct by Author;Upgrade/Update of Prior Notice(s);,5,1,0.9980740547180176,1,0.0
33567921,"MiR-30a-5p inhibits the proliferation, migration, and invasion abilities of nasopharyngeal carcinoma cells by targeting NUCB2.",Concerns/Issues about Third Party Involvement;Concerns/Issues about Peer Review;Original Data and/or Images not Provided and/or not Available;Unreliable Results and/or Conclusions;,5,1,0.9765377640724182,1,0.0
35341013,The high expression of EFHD2 is significantly related to poor overall survival in 5 kinds of cancer.,Compromised Peer Review;Investigation by Journal/Publisher;Investigation by Third Party;Paper Mill;Unreliable Results and/or Conclusions;,5,1,0.9962421655654908,1,0.0
21185503,"In patients with stable coronary heart disease, atorvastatin improved plasma levels of an expanded panel of nonlipid biomarkers, but the majority of these levels did not predict major cardiovascular events.",Error in Data;Error in Methods;Error in Results and/or Conclusions;Unreliable Data;Unreliable Results and/or Conclusions;,5,1,0.9899674654006958,1,0.0
6392156,"During left atrial pressure elevation, lung counts correlated best with total lung water (TLW) with a correlation coefficient of r = .91.",Concerns/Issues about Results and/or Conclusions;Legal Reasons and/or Threats;Unreliable Results and/or Conclusions;,5,1,0.9969162940979004,1,0.0
30267080,Tenofovir treatment was associated with a significantly lower risk of hepatocellular carcinoma compared with entecavir treatment in a population-based cohort of adults with chronic hepatitis B.,Error in Data;Retract and Replace;,5,1,0.9000580906867981,1,0.0
15004239,Tyrosine phosphorylation of Sprouty2 is required for its inhibition of receptor tyrosine kinase signaling.,Duplication of/in Image;Error in Image;Manipulation of Images;,5,1,0.9767962694168092,1,0.0
34938351,"Allele G in rs1625579, allele A in rs6577555, and allele G in rs2296616 are positively associated with the risk of schizophrenia.",Compromised Peer Review;Investigation by Journal/Publisher;Investigation by Third Party;Paper Mill;Unreliable Results and/or Conclusions;,5,1,0.8745483160018921,1,0.0
27626172,Knockdown of Nestin significantly reduced tumor volume in vivo.,Duplication of/in Image;Investigation by Company/Institution;Investigation by Journal/Publisher;Misconduct - Official Investigation(s) and/or Finding(s);Plagiarism of Image;,5,1,0.9996517896652222,1,0.0
30656723,Quercetin significantly suppressed cell apoptosis rates and improved myocardial pathological morphology in ischemia/reperfusion-induced cardiomyocytes compared to the model control group.,Author Unresponsive;Concerns/Issues about Image;Concerns/Issues about Results and/or Conclusions;Investigation by Journal/Publisher;Investigation by Third Party;Paper Mill;Unreliable Results and/or Conclusions;,5,1,0.9983611702919006,1,0.0
17289674,The DeltaF508 mutation disrupts the interaction of CK2 with NBD1 of CFTR.,Error in Data;Error in Methods;,5,1,0.8244219422340393,1,0.0
32822247,"The article entitled 'A Novel CircRNA Circ_0095424 Regulates Proliferation, Metastasis, and Apoptosis of Osteosarcoma Cells Via the PI3K/AKT Signaling Pathway Through Targeting the miR-1238/HMGB1 Axis' is officially retracted due to manipulated images and forged experimental reports.",Concerns/Issues about Third Party Involvement;Duplication of/in Image;Falsification/Fabrication of Data;Miscommunication with/by Third Party;,5,1,0.9956679344177246,1,0.0
35845590,Oral tranexamic acid treatment reduces the blood transfusion rate and the incidence of deep vein thromboembolism after total knee arthroplasty.,Concerns/Issues about Data;Concerns/Issues about Referencing/Attributions;Concerns/Issues about Peer Review;Investigation by Journal/Publisher;Investigation by Third Party;Unreliable Results and/or Conclusions;,5,1,0.9983708262443542,1,0.0
35251300,miR-498 is downregulated in hepatoma cell lines compared with hepatocytes.,Concerns/Issues about Data;Concerns/Issues about Referencing/Attributions;Concerns/Issues about Peer Review;Investigation by Journal/Publisher;Investigation by Third Party;Unreliable Results and/or Conclusions;,5,1,0.9992570281028748,1,0.0
35865340,"Incentive nursing significantly lowers anxiety and depression scores, improves self-care agency, reduces the length of hospital stay, decreases nursing complications, and increases nursing satisfaction compared to routine nursing.",Compromised Peer Review;Investigation by Journal/Publisher;Investigation by Third Party;Paper Mill;Unreliable Results and/or Conclusions;,5,1,0.9980879426002502,1,0.0
24728046,Ag2S quantum dots have tunable photoluminescence emission from 687 to 1096 nm and high photoluminescence quantum yields of 14.2-16.4%.,Concerns/Issues about Data;Duplication of/in Image;Unreliable Results and/or Conclusions;,5,1,0.9997056126594543,1,0.0
33147492,"Laparoscopic adhesiolysis results in a pregnancy rate of 76.7% for patients with mild adhesions and 61.5% for those with moderate adhesions, while the pregnancy rate for severe adhesions is only 20%.",Author Unresponsive;Concerns/Issues about Methods;Investigation by Journal/Publisher;Investigation by Third Party;Original Data and/or Images not Provided and/or not Available;,5,1,0.9989438652992249,1,0.0
33952250,LncRNA SNHG15 upregulated c-Myc to facilitate breast cancer progression by sponging miR-451 in a competing endogenous RNA-dependent manner.,Duplication of/in Image;Euphemisms for Duplication;Investigation by Journal/Publisher;Investigation by Third Party;Paper Mill;Unreliable Results and/or Conclusions;,5,1,0.999583065509796,1,0.0
35601141,Traditional Chinese medicine significantly reduces sleep latency by an average of 8.02 minutes and improves total sleep time by an average of 39.41 minutes in elderly patients with insomnia compared to the control group.,Compromised Peer Review;Investigation by Journal/Publisher;Investigation by Third Party;Paper Mill;Unreliable Results and/or Conclusions;,5,1,0.9979498982429504,1,0.0
35494523,Increasing the dose of propofol to 5 mg/(kg·h) improves lung function and reduces inflammatory response in patients with lung ischemia reperfusion injury.,Concerns/Issues about Data;Concerns/Issues about Results and/or Conclusions;Concerns/Issues about Human Subject Welfare;Concerns/Issues about Referencing/Attributions;Concerns/Issues about Peer Review;Informed/Patient Consent - None/Withdrawn;Investigation by Journal/Publisher;Investigation by Third Party;Paper Mill;Computer-Aided Content or Computer-Generated Content;Unreliable Results and/or Conclusions;,5,1,0.9982420206069946,1,0.0
35637754,"The serum levels of TNF-α, IL-6, IL-18, and CRP in the MACCE group were significantly higher than those in the non-MACCE group.",Compromised Peer Review;Investigation by Journal/Publisher;Investigation by Third Party;Paper Mill;Unreliable Results and/or Conclusions;,5,1,0.9989489912986756,1,0.0
24757230,DiaPep277 treatment significantly preserved C-peptide secretion and improved glycemic control in patients with type 1 diabetes.,Falsification/Fabrication of Data;Misconduct by Author;,5,1,0.9992530941963196,1,0.0
25762632,JQ1 significantly suppressed cellular proliferation and induced cell cycle arrest and apoptosis in ovarian cancer cells.,Duplication of/in Image;Falsification/Fabrication of Image;Investigation by Company/Institution;Investigation by Journal/Publisher;Investigation by Third Party;Misconduct - Official Investigation(s) and/or Finding(s);Misconduct by Author;Unreliable Results and/or Conclusions;,5,1,0.9924318790435792,1,0.0
35872957,Comprehensive nursing has a good effect in gestational diabetes care.,Concerns/Issues about Data;Concerns/Issues about Results and/or Conclusions;Concerns/Issues about Referencing/Attributions;Concerns/Issues about Peer Review;Informed/Patient Consent - None/Withdrawn;Investigation by Journal/Publisher;Investigation by Third Party;Lack of IRB/IACUC Approval and/or Compliance;Paper Mill;Computer-Aided Content or Computer-Generated Content;Unreliable Results and/or Conclusions;,5,1,0.9996671676635742,1,0.0
33380834,Overexpression of SHP-2 inhibited malignant progression of colon cancer.,Duplication of/in Image;Investigation by Journal/Publisher;Investigation by Third Party;Original Data and/or Images not Provided and/or not Available;Paper Mill;,5,1,0.9152166843414308,1,0.0
32502771,The normal Mod MPI in the second and third trimester (20 + 1 to 35 + 6 weeks' gestation) was 0.408 ± 0.08.,Concerns/Issues about Data;Investigation by Third Party;Unreliable Results and/or Conclusions;,5,1,0.9995156526565552,1,0.0
32470200,Penfluridol reduces cell survival and promotes apoptotic cell death in colorectal cancer cells in a dose-dependent manner.,Concerns/Issues about Data;Duplication of/in Image;Objections by Third Party;Paper Mill;Unreliable Results and/or Conclusions;,5,1,0.9997382760047911,1,0.0
29441717,S100A9 gene silencing suppressed the release of pro-inflammatory cytokines through blocking of the IL-17 pathway in acute pancreatitis.,Concerns/Issues about Data;Concerns/Issues about Third Party Involvement;Falsification/Fabrication of Data;Investigation by Company/Institution;Manipulation of Images;Misconduct - Official Investigation(s) and/or Finding(s);Misconduct by Author;Objections by Third Party;Paper Mill;,5,1,0.9292812347412108,1,0.0
35722142,Somatostatin plus ulinastatin was associated with a higher total effective rate versus ulinastatin alone.,Concerns/Issues about Data;Concerns/Issues about Referencing/Attributions;Concerns/Issues about Peer Review;Investigation by Journal/Publisher;Investigation by Third Party;Unreliable Results and/or Conclusions;,5,1,0.9974551796913148,1,0.0
34966440,"A total of 72 differentially expressed circRNAs, 158 differentially expressed miRNAs, and 2762 differentially expressed mRNAs were identified in breast cancer.",Concerns/Issues about Data;Concerns/Issues about Results and/or Conclusions;Concerns/Issues about Referencing/Attributions;Concerns/Issues about Peer Review;Investigation by Journal/Publisher;Investigation by Third Party;Paper Mill;Computer-Aided Content or Computer-Generated Content;Unreliable Results and/or Conclusions;,5,1,0.9993976354599,1,0.0
35017985,There has been an increased workload and mental stress among the medical health provider teams caring for cancer patients during the COVID-19 pandemic.,Concerns/Issues about Data;Unreliable Data;,5,1,0.9974095225334167,1,0.0
35465011,"The passing rates of the observation indexes decreased in the order of double compliance group, compliance system group, compliance teacher group, and double noncompliance group.",Concerns/Issues about Data;Concerns/Issues about Results and/or Conclusions;Concerns/Issues about Referencing/Attributions;Concerns/Issues about Peer Review;Informed/Patient Consent - None/Withdrawn;Investigation by Journal/Publisher;Investigation by Third Party;Lack of IRB/IACUC Approval and/or Compliance;Computer-Aided Content or Computer-Generated Content;Unreliable Results and/or Conclusions;,5,1,0.9958658218383788,1,0.0
36035291,"The proposed deep CNN and SVM-RBF classifier achieved an accuracy of 98.3% and a dice similarity coefficient (DSC) of 97.8% on classifying brain tumors as gliomas, meningioma, or pituitary using brain dataset-1.",Compromised Peer Review;Investigation by Journal/Publisher;Investigation by Third Party;Paper Mill;Unreliable Results and/or Conclusions;,5,1,0.9983434677124025,1,0.0
30786017,The expression of lncRNA MT1JP was downregulated in bladder tumor samples and cell lines.,Concerns/Issues about Results and/or Conclusions;Error in Methods;Unreliable Results and/or Conclusions;,5,1,0.8962923288345337,1,0.0
25118895,TRPV1 antagonist capsazepine attenuates persistent morphine conditioned place preference in a dose-dependent and target-specific manner without affecting normal activity.,Concerns/Issues about Image;Manipulation of Images;,5,1,0.9674709439277648,1,0.0
10722567,H. pylori directly induces expression of ICAM-1 on gastric epithelial cells in an NF-kappaB-dependent manner.,Falsification/Fabrication of Data;Falsification/Fabrication of Image;Investigation by Company/Institution;Investigation by Journal/Publisher;Misconduct - Official Investigation(s) and/or Finding(s);Misconduct by Author;Publishing Ban;,5,1,0.9997666478157043,1,0.0
35664644,"Combined detection of CA125, CA199, and HE4 has stronger discriminant ability and higher accuracy than single detection of CA125 in the clinical diagnosis of ovarian cancer.",Concerns/Issues about Data;Concerns/Issues about Referencing/Attributions;Concerns/Issues about Peer Review;Investigation by Journal/Publisher;Investigation by Third Party;Unreliable Results and/or Conclusions;,5,1,0.9990371465682985,1,0.0
34931140,Treating CUMS rats by silencing NCALD or by the administration of helicid improved the depressive-like behavior.,Concerns/Issues about Data;Concerns/Issues about Results and/or Conclusions;Concerns/Issues about Referencing/Attributions;Concerns/Issues about Peer Review;Investigation by Journal/Publisher;Investigation by Third Party;Paper Mill;Computer-Aided Content or Computer-Generated Content;Unreliable Results and/or Conclusions;,5,1,0.9913592338562012,1,0.0
25418891,Lupeol significantly inhibited the proliferation of human pancreatic cancer PCNA-1 cells in a dose- and time-dependent manner and induced apoptosis and cell cycle arrest in the G0/G1 phase.,Concerns/Issues about Data;Duplication of/in Image;Original Data and/or Images not Provided and/or not Available;Unreliable Results and/or Conclusions;,5,1,0.7977039217948914,1,0.0
35979052,Continuous nutrition management intervention based on a mobile medical APP significantly improves the nutritional status and development of premature infants.,Compromised Peer Review;Investigation by Journal/Publisher;Investigation by Third Party;Paper Mill;Unreliable Results and/or Conclusions;,5,1,0.9985032081604004,1,0.0
34306047,"The mutation points detected by the proposed position index algorithm are more than those detected by Bcftools, Freebye, Vanscan2, and Gatk.",Compromised Peer Review;Investigation by Journal/Publisher;Investigation by Third Party;Paper Mill;Unreliable Results and/or Conclusions;,5,1,0.9013160467147828,1,0.0
34567208,<i>K</i> <sub>trans</sub> is the best DCE parameter to distinguish fibrotic liver from normal liver and mild and advanced fibrosis.,Concerns/Issues about Data;Concerns/Issues about Referencing/Attributions;Concerns/Issues about Peer Review;Investigation by Journal/Publisher;Investigation by Third Party;Unreliable Results and/or Conclusions;,5,1,0.9993027448654176,1,0.0
35480149,The application of Maslow's hierarchy of needs theory in the clinical interns has advantages over the traditional teaching model.,Concerns/Issues about Data;Concerns/Issues about Results and/or Conclusions;Concerns/Issues about Referencing/Attributions;Concerns/Issues about Peer Review;Informed/Patient Consent - None/Withdrawn;Investigation by Journal/Publisher;Investigation by Third Party;Lack of IRB/IACUC Approval and/or Compliance;Paper Mill;Computer-Aided Content or Computer-Generated Content;Unreliable Results and/or Conclusions;,5,1,0.9994352459907532,1,0.0
11212045,Nicorandil accelerates recovery of neuromuscular block caused by vecuronium.,Falsification/Fabrication of Data;Falsification/Fabrication of Results;Investigation by Journal/Publisher;Investigation by Third Party;Misconduct - Official Investigation(s) and/or Finding(s);Misconduct by Author;Upgrade/Update of Prior Notice(s);,5,1,0.982994794845581,1,0.0
16204194,"In the Saccharomyces cerevisiae genome, 11 candidate regions showed a -1 frameshift efficiency varying from 5% to 13%, which is 50-fold higher than background.",Error in Data;Error in Methods;Results Not Reproducible;,5,1,0.9997527003288268,1,0.0
36263001,An action research intervention strategy can effectively reduce postoperative thirst and oral discomfort.,Compromised Peer Review;Investigation by Journal/Publisher;Investigation by Third Party;Paper Mill;Unreliable Results and/or Conclusions;,5,1,0.907203733921051,1,0.0
35528517,"Rosa roxburghii Tratt can inhibit the Nrf2/GPX4 signaling pathway to reduce oxidative stress, thereby alleviating arsenic-induced liver damage.",Concerns/Issues about Data;Concerns/Issues about Results and/or Conclusions;Concerns/Issues about Referencing/Attributions;Concerns/Issues about Peer Review;Investigation by Journal/Publisher;Investigation by Third Party;Paper Mill;Computer-Aided Content or Computer-Generated Content;Unreliable Results and/or Conclusions;,5,1,0.910212516784668,1,0.0
21835001,"Chondrocyte proliferation was significantly enhanced in the presence of FGF-2 stimulation, which was inhibited by the pharmacological inhibitor of FGFR1.",Falsification/Fabrication of Data;Investigation by Company/Institution;,5,1,0.999302864074707,1,0.0
25536034,"miR-503 was down-regulated in osteosarcoma cell lines and primary tumor samples, and its restoration reduced cell proliferation, migration, and invasion.",Duplication of/in Image;Investigation by Journal/Publisher;Paper Mill;Unreliable Results and/or Conclusions;,5,1,0.8400375843048096,1,0.0
31410029,LINC01296 overexpression is associated with poor overall survival and disease-free survival in various cancers.,Duplication of/in Image;Manipulation of Images;,5,1,0.9888500571250916,1,0.0
35035851,"The rescue success rate of patients with traumatic shock using emergency nursing mode is 97.37%, significantly higher than 84.21% for those using routine nursing mode.",Concerns/Issues about Data;Concerns/Issues about Results and/or Conclusions;Concerns/Issues about Referencing/Attributions;Concerns/Issues about Peer Review;Informed/Patient Consent - None/Withdrawn;Investigation by Journal/Publisher;Investigation by Third Party;Lack of IRB/IACUC Approval and/or Compliance;Paper Mill;Computer-Aided Content or Computer-Generated Content;Unreliable Results and/or Conclusions;,5,1,0.9986785054206848,1,0.0
35928576,Dual-pump segmented anticoagulation is superior to single-pump anticoagulation in intravenous pot anticoagulation for hemodialysis patients with bleeding.,Compromised Peer Review;Investigation by Journal/Publisher;Investigation by Third Party;Paper Mill;Unreliable Results and/or Conclusions;,5,1,0.9980481863021852,1,0.0
34112866,Taurine treatment significantly reduced serum ALT and AST activities and reversed the decrease in serum albumin and total protein in rats with thioacetamide induced liver fibrosis.,Duplication of Data;Duplication of/in Image;Unreliable Results and/or Conclusions;,5,1,0.8637453317642212,1,0.0
24872563,EEG-based channel tuning functions are robust predictors of both between- and within-subject differences in mnemonic precision.,Error in Data;Error in Methods;Unreliable Results and/or Conclusions;,5,1,0.9582597613334656,1,0.0
35832100,Receptive music therapy intervention has a significant effect in relieving the anxiety of American postmodernist novel creators.,Concerns/Issues about Data;Concerns/Issues about Results and/or Conclusions;Concerns/Issues about Referencing/Attributions;Concerns/Issues about Peer Review;Investigation by Journal/Publisher;Investigation by Third Party;Paper Mill;Computer-Aided Content or Computer-Generated Content;Unreliable Results and/or Conclusions;,5,1,0.99978369474411,1,0.0
35509855,"The study group had a lower depression score compared to the control group before intervention, and at 1, 2, 3, and 4 weeks after intervention.",Concerns/Issues about Data;Concerns/Issues about Results and/or Conclusions;Concerns/Issues about Referencing/Attributions;Concerns/Issues about Peer Review;Investigation by Journal/Publisher;Unreliable Results and/or Conclusions;,5,1,0.9993292093276978,1,0.0
23086932,NQO1 protects C/EBPα against 20S proteasomal degradation during radiation exposure stress.,Concerns/Issues about Data;Concerns/Issues about Image;Investigation by Company/Institution;Unreliable Data;Unreliable Image;,5,1,0.999232530593872,1,0.0
36212175,Patients in the high-risk group had significantly shorter overall survival than those in the low-risk group.,Concerns/Issues about Data;Concerns/Issues about Results and/or Conclusions;Concerns/Issues about Referencing/Attributions;Concerns/Issues about Peer Review;Investigation by Journal/Publisher;Investigation by Third Party;Computer-Aided Content or Computer-Generated Content;Unreliable Results and/or Conclusions;,5,1,0.99907386302948,1,0.0
19036880,"Increased hexosamine biosynthesis pathway activity causes dysregulation of PIP(2) and F-actin, leading to insulin resistance.",Falsification/Fabrication of Data;Investigation by ORI;Misconduct - Official Investigation(s) and/or Finding(s);Misconduct by Author;Retract and Replace;,5,1,0.9985076785087584,1,0.0
16428532,Desflurane maintenance after sevoflurane induction in children is associated with less severe emergence agitation and faster emergence times compared to sevoflurane maintenance.,Ethical Violations by Author;Investigation by Company/Institution;Investigation by Third Party;Lack of IRB/IACUC Approval and/or Compliance;Misconduct - Official Investigation(s) and/or Finding(s);Misconduct by Author;,5,1,0.9995482563972472,1,0.0
28377722,"Curcumin-activated autophagy maintains proteostasis in the endoplasmic reticulum, leading to attenuation of ER stress and improvement of insulin resistance.",Concerns/Issues about Image;Original Data and/or Images not Provided and/or not Available;Unreliable Data;Unreliable Results and/or Conclusions;,5,1,0.9397690892219543,1,0.0
35434133,"A total of 227 differentially expressed genes were identified, with 11 small-molecule compounds having therapeutic potential for rheumatoid arthritis.",Computer-Aided Content or Computer-Generated Content;Concerns/Issues about Data;Concerns/Issues about Referencing/Attributions;Concerns/Issues about Results and/or Conclusions;Concerns/Issues about Peer Review;Investigation by Journal/Publisher;Investigation by Third Party;Paper Mill;Unreliable Results and/or Conclusions;,5,1,0.9602190256118774,1,0.0
39229514,"The accuracies of the classifier based on the artificial neural networks method for classification of black pepper, red pepper, and cinnamon were 97.8%, 98.9%, and 95.6%, respectively.",Concerns/Issues about Referencing/Attributions;Investigation by Journal/Publisher;Objections by Author(s);Unreliable Results and/or Conclusions;,5,1,0.99881774187088,1,0.0
29970618,"Good clinical outcome was achieved in 43.67% of patients in Nearest Center and 44.62% in CSC First, Rhode Island, and Distributive in an urban setting.",Error in Analyses;Error in Data;Error in Materials;,5,1,0.9994598031044006,1,0.0
35898680,The proposed method improves the subjective visual effect and enhances the robustness with more accurate construction of edges in lung cancer images.,Compromised Peer Review;Lack of Approval from Author;Lack of Approval from Third Party;Paper Mill;Unreliable Results and/or Conclusions;,5,1,0.9983232617378236,1,0.0
35800205,Using CT multiphase enhanced scanning and three-dimensional reconstruction technology to diagnose cervical cancer has high detection rate and high accuracy of staging diagnosis.,Compromised Peer Review;Investigation by Journal/Publisher;Investigation by Third Party;Paper Mill;Unreliable Results and/or Conclusions;,5,1,0.9722354412078856,1,0.0
32848826,"Silencing of miR-448 upregulates PRDM16 and inactivates the TGF-β signaling pathway, thereby impeding the development of atherosclerosis by repressing the proliferation, migration, and invasion of aortic smooth muscle cells.",Concerns/Issues about Data;Investigation by Journal/Publisher;Original Data and/or Images not Provided and/or not Available;Unreliable Results and/or Conclusions;,5,1,0.99092835187912,1,0.0
35634039,"25.33% of the elderly prefer to use housekeeping services, and 63% of the elderly prefer healthcare services.",Concerns/Issues about Data;Concerns/Issues about Results and/or Conclusions;Concerns/Issues about Referencing/Attributions;Concerns/Issues about Peer Review;Informed/Patient Consent - None/Withdrawn;Investigation by Journal/Publisher;Investigation by Third Party;Lack of IRB/IACUC Approval and/or Compliance;Computer-Aided Content or Computer-Generated Content;Unreliable Results and/or Conclusions;,5,1,0.996493637561798,1,0.0
35935329,Poor sleepers have a higher incidence of agricultural injuries than good sleepers.,Concerns/Issues about Data;Concerns/Issues about Results and/or Conclusions;Concerns/Issues about Referencing/Attributions;Concerns/Issues about Peer Review;Investigation by Journal/Publisher;Investigation by Third Party;Paper Mill;Computer-Aided Content or Computer-Generated Content;Unreliable Results and/or Conclusions;,5,1,0.9885669946670532,1,0.0
35378943,The improved model has an accuracy rate of 92.3% for predicting malignant lung nodules and an accuracy rate of 82.8% for benign lung nodules.,Concerns/Issues about Data;Concerns/Issues about Results and/or Conclusions;Concerns/Issues about Referencing/Attributions;Concerns/Issues about Peer Review;Informed/Patient Consent - None/Withdrawn;Investigation by Journal/Publisher;Investigation by Third Party;Lack of IRB/IACUC Approval and/or Compliance;Paper Mill;Computer-Aided Content or Computer-Generated Content;Unreliable Results and/or Conclusions;,5,1,0.967166543006897,1,0.0
2786116,Hemofiltration produced whole blood quicker than the cell separation technique and resulted in less pronounced derangement in colloid osmotic pressure and coagulation parameters.,Ethical Violations by Author;Investigation by Company/Institution;Misconduct - Official Investigation(s) and/or Finding(s);Misconduct by Author;,5,1,0.9993951320648192,1,0.0
30967776,CXCL6 overexpression promotes fibrosis-related factors and accelerates the development of diabetic nephropathy renal interstitial fibrosis by activating the JAK/STAT3 signaling pathway.,Concerns/Issues about Data;Concerns/Issues about Image;Duplication of Data;Duplication of/in Image;Investigation by Journal/Publisher;Investigation by Third Party;Original Data and/or Images not Provided and/or not Available;Unreliable Data;Unreliable Results and/or Conclusions;,5,1,0.979950785636902,1,0.0
36046453,"The formulation F6 of ondansetron tablets has dispersion times of 17.67 ± 0.03 seconds, disintegration times of 120.12 ± 0.55 seconds, and percentage drug release measurements of 99.25 ± 0.36 within 30 minutes.",Concerns/Issues about Data;Concerns/Issues about Results and/or Conclusions;Concerns/Issues about Referencing/Attributions;Concerns/Issues about Peer Review;Investigation by Journal/Publisher;Investigation by Third Party;Paper Mill;Computer-Aided Content or Computer-Generated Content;Unreliable Results and/or Conclusions;,5,1,0.999413013458252,1,0.0
35936375,"OCT parameters, including baseline macular volume and outer limiting membrane disruption, and reduction in CRT after loading therapy were more predictive of ME recurrence than FA patterns or visual changes following conbercept loading therapy.",Compromised Peer Review;Investigation by Journal/Publisher;Investigation by Third Party;Paper Mill;Unreliable Results and/or Conclusions;,5,1,0.7806416153907776,1,0.0
27059083,Two Yfiler profiles with ≤2 mismatched loci or ≤2 steps are more likely from the same lineage than unrelated lineages.,Concerns/Issues about Human Subject Welfare;Informed/Patient Consent - None/Withdrawn;Investigation by Journal/Publisher;Investigation by Third Party;Original Data and/or Images not Provided and/or not Available;,5,1,0.9964471459388732,1,0.0
18849962,Human adult germline stem cells derived from spermatogonial cells can differentiate into various types of somatic cells of all three germ layers.,Error in Data;Error in Image;Unreliable Results and/or Conclusions;,5,1,0.9990444779396056,1,0.0
22615843,Interferon (IFN)-β inhibits cell proliferation and induces senescence in keratinocytes transformed by Human Papilloma Virus.,Duplication of/in Image;Manipulation of Images;,5,1,0.9995123147964478,1,0.0
1493543,Thymopoietin inhibited [125I]alpha-bungarotoxin binding to neonatal muscle cells with an IC50 of 3.8 nM and blocked carbachol-stimulated 22Na uptake with an IC50 of 1.9 +/- 0.2 nM.,Contamination of Materials;Error by Third Party;Unreliable Results and/or Conclusions;,5,1,0.999264657497406,1,0.0
20436671,Upregulation of PTEN by human umbilical cord blood-derived mesenchymal stem cells inhibits the migration capability of glioma cells.,Concerns/Issues about Data;Duplication of/in Image;Unreliable Results and/or Conclusions;,5,1,0.9991542100906372,1,0.0
17283123,DNA demethylation is a common mechanism underlying the abnormal expression of uPA and is a critical contributing factor to the malignant progression of human prostate tumors.,Civil Proceedings;Duplication of/in Image;Falsification/Fabrication of Data;Falsification/Fabrication of Image;Investigation by Company/Institution;Investigation by Journal/Publisher;Misconduct - Official Investigation(s) and/or Finding(s);Misconduct by Author;Objections by Author(s);,5,1,0.8171353936195374,1,0.0
16885366,ERRP causes marked inhibition of pancreatic cancer cell growth and invasion.,Duplication of/in Image;Falsification/Fabrication of Data;Investigation by Company/Institution;Manipulation of Images;Misconduct - Official Investigation(s) and/or Finding(s);Misconduct by Author;,5,1,0.9988553524017334,1,0.0
30290400,miR-141-3p is downregulated in papillary thyroid carcinoma and its expression level is negatively associated with TNM stage and lymph node metastasis.,Concerns/Issues about Data;Investigation by Journal/Publisher;Investigation by Third Party;Paper Mill;Unreliable Results and/or Conclusions;,5,1,0.9997857213020324,1,0.0
35535325,The peripheral quantity of CD4<sup>+</sup>T and CD8<sup>+</sup>T lymphocytes in gastric cancer patients can partly reflect the infiltrating state of these lymphocytes in cancer and normal adjacent tissues.,Concerns/Issues about Data;Concerns/Issues about Results and/or Conclusions;Concerns/Issues about Referencing/Attributions;Concerns/Issues about Peer Review;Investigation by Journal/Publisher;Investigation by Third Party;Paper Mill;Computer-Aided Content or Computer-Generated Content;Unreliable Results and/or Conclusions;,5,1,0.9911534190177916,1,0.0
28627693,Renal denervation significantly reduces left ventricular hypertrophy in a model of hypertension-induced cardiac hypertrophy in spontaneous hypertensive rats.,Concerns/Issues about Data;Duplication of Data;Error in Image;Euphemisms for Duplication;Investigation by Journal/Publisher;Investigation by Third Party;Unreliable Data;,5,1,0.9669488668441772,1,0.0
28370854,miR-149 expression was downregulated in human colorectal cancer HCT116 and SW620 cell lines compared to the normal colon epithelial NCM460 cell line.,Copyright Claims;Investigation by Company/Institution;Misconduct - Official Investigation(s) and/or Finding(s);Misconduct by Author;Plagiarism of Data;,5,1,0.9996556043624878,1,0.0
30555239,Mst1 overexpression reduced cell viability and increased apoptosis in AGS gastric cancer cells.,Author Unresponsive;Concerns/Issues about Image;Duplication of/in Image;Investigation by Journal/Publisher;Investigation by Third Party;Original Data and/or Images not Provided and/or not Available;Unreliable Results and/or Conclusions;,5,1,0.99966561794281,1,0.0
24073234,"In Alzheimer's disease, Tau was hyperphosphorylated at all 20 epitopes of p-Tau.",Author Unresponsive;Concerns/Issues about Image;Original Data and/or Images not Provided and/or not Available;Unreliable Results and/or Conclusions;Upgrade/Update of Prior Notice(s);,5,1,0.999736487865448,1,0.0
29278881,"Exogenous IL-37 inhibits the proliferation, migration, and invasion of human lung adenocarcinoma A549 cells while promoting the apoptosis of A549 cells.",Investigation by Third Party;Manipulation of Images;Paper Mill;Unreliable Results and/or Conclusions;,5,1,0.8163629770278931,1,0.0
33381568,"Carotid artery stent implantation and carotid endarterectomy are effective in improving the cognitive function of patients with carotid stenosis, but there is no significant difference between the two.",Computer-Aided Content or Computer-Generated Content;Concerns/Issues about Data;Concerns/Issues about Referencing/Attributions;Concerns/Issues about Results and/or Conclusions;Concerns/Issues about Peer Review;Investigation by Journal/Publisher;Investigation by Third Party;Paper Mill;Unreliable Results and/or Conclusions;,5,1,0.9991729855537416,1,0.0
32451660,DHEA supplementation leads to a statistically significant improvement in ovarian reserve and induction of ovulation outcomes in infertile women with poor ovarian reserve.,Concerns/Issues about Data;Investigation by Journal/Publisher;Objections by Author(s);Unreliable Results and/or Conclusions;,5,1,0.9974989295005798,1,0.0
21541336,"Aging leads to a significant decline in intracellular NAD+ levels and NAD:NADH ratio in the heart, lung, liver, and kidney of female Wistar rats by middle age compared to young rats.",Concerns/Issues about Image;Duplication of/in Image;Euphemisms for Duplication;Original Data and/or Images not Provided and/or not Available;Upgrade/Update of Prior Notice(s);,5,1,0.9953173398971558,1,0.0
24830456,Productive HCMV infection is under the control of histone H3K27 trimethylation.,Concerns/Issues about Data;Duplication of Data;Euphemisms for Duplication;Investigation by Journal/Publisher;Investigation by Third Party;Objections by Author(s);Unreliable Results and/or Conclusions;,5,1,0.9628063440322876,1,0.0
